Total NoC power is	0.007286015	W
Total NoC power is	0.007286015	W
Total NoC power is	0.005753303333333333	W
