Total NoC power is	6.313915000000001	mW
Total NoC power is	4.974196666666667	mW
