Total NoC area is	0.456665	um^2
Total NoC area is	0.45666500000000004	um^2
Total NoC area is	0.456665	um^2
Total NoC area is	0.45666500000000004	um^2
Total NoC area is	0.45666500000000004	um^2
Total NoC area is	0.456665	um^2
Total NoC area is	0.45666500000000004	um^2
Total NoC area is	0.178385	um^2
