Total NoC power is	0.007196295	W
Total NoC power is	0.007196295	W
Total NoC power is	0.005671513333333334	W
