Total NoC power is	0.00406082125	W
Total NoC power is	0.0042867429411764715	W
Total NoC power is	0.00406082125	W
Total NoC power is	0.004286742941176471	W
Total NoC power is	0.003523502857142858	W
